Tweet ID,clean_text
1990828187006201982,kepala bgn ungkap penggunaan nitrin tinggi penyebab utama keracunan mbg
1990808795518546193,program mbg dorong pertumbuhan umkm tempe permintaan kedelai simak selengkapnya baca artikel lainnya
1990807038474006730,harta kekayaan cucun ahmad wakil ketua dpr pernah sebut mbg tak perlu ahli gizi
1990791277802394082,polemik mbg makin panas ahli gizi menyampaikan fakta teknis malah dipotong dibentak dibilang arogan setelah viral cucun klarifikasi bahwa maksudnya soal keterbatasan tenaga ahli tapi soal etika netizen sudah keburu ngamuk error
1990790947966447998,presiden brazil memerlukan 11 tahun mencapai 40juta belum sampai 12 bulan udah 44 juta penerima
1990755488422826100,mbg dongkrak permintaan kedelai umkm tempe tumbuh pesat
1990746595206574462,lebih mahal dapur umum dpr pertanyakan anggaran pembangunan sppg senilai rp1 97 triliun
1990740446977409459,berkelanjutan berdaya saing melalui pembangunan berfokus manusia gizi
1990732740543549471,viral ucapkan mbg tak butuh ahli gizi waket dpr cucun ahmad akhirnya meminta maaf melakukan klarifikasi baca selengkapnya
1990729632090337547,berita2 bulan oktober yg cukup menarik dibahas
1990725173243199750,orang orang sekitar tiba tiba sppg
1990724797819416648,achmad ru yat dorong kehadiran ahli gizi setiap sppg sukseskan program makan bergizi gratis
1990721646903099765,gelar pertemuan dpr bgn persagi sepakat tambah ahli gizi program mbg
1990718059259019346,maksudnya apa apakah tujuan mbg diberikan uang embel2 hadiah kecil2an ompeng sorry tapi miris makin gila dijadikan konten pula heyyy
1990715973557768309,tanggapi pernyataan cucun soal tak perlu ahli gizi tegaskan perlu standar kompetensi
1990715490914693499,41 dapur mbg milik anak dewan apa salahnya kaya makin kaya orde baru mbg
1990714094178218273,ramai disorot pernyataan bahwa mbg tak perlu ahli gizi menuai protes termasuk dr tan menegaskan pentingnya tenaga profesional gt gt
1990712413491228879,pentingnya ahli gizi program mbg baca selengkapnya rkd
1990705947585687712,cucun minta maaf soal ucapan soal ahli gizi mbg waket dpr ri akui tak bermaksud remehkan profesi
1990702603181961565,prabowo tegaskan mbg harus bebas penyimpangan uang rakyat
1990700420424208710,presiden prabowo penerima mbg kini tembus 44 juta orang simak selengkapnya baca artikel lainnya
1990690440698605650,melalui program makan bergizi gratis setiap anak indonesia dijamin mendapatkan asupan sehat seimbang setiap harinya
1990684478155731227,yakin semua pasti ingin terbaik mbg manfaatnya jalan terus
1990678208061337831,program makan bergizi bukan hanya soal menyediakan makanan skala besar program membutuhkan tata kelola kuat tenaga kompeten standar jelas layanan aman tepat sasaran
1990677265290834033,program makan bergizi gratis menjamin anak indonesia mendapatkan asupan sehat seimbang
1990677071274905761,kasus oknum tni diduga peras sopir angkutan gowa ngaku polisi minta rp 50 juta ngerii nyooooo
1990669195848401348,program mbg tidak hanya meningkatkan kualitas gizi anak ibu hamil pekerja tetapi menggerakkan ekonomi rakyat membangun sinergi kesejahteraan bangsa
1990668635552297061,mbg koperasi desa penggerak ekonomi baru membuka banyak lapangan kerja
1990667034141831321,wakil ketua dpr ri cucun ahmad syamsurijal menyampaikan permohonan maaf terkait ucapannya tentang makan bergizi gratis mbg tidak memerlukan ahli gizi
1990663103072399473,pak bhabin monitoring distribusi mbg penerima manfaat pastikan mbg sampai aman siswa
1990661592657035569,program gizi anak papua diganggu opm tidak bisa letkol lenis kogoya stafsus menhan tegaskan statement sebby sambom pemikiran sesat tonton full beliau sendiri akan turun tangan jika sebby terus sebar hoax
1990659470314406355,updatee mbg wenakkk babgettt telor ny pakee bumbu apaa gtw 100 10
1990652688535867603,memang arogan banyak keracunan sekolah lepas tanggung jawab menyalahkan guru yg tidak tahu menahu darimana makanan dimasak bapak yg dimaksud wakil dpr
1990650316803788839,blunder pernyataan cucun soal tak perlu ahli gizi program mbg memicu amarah ahli baca selengkapnya rkd
1990646723585466461,keluhan pekerja dapur mencuat setelah ig bgn dipenuhi protes soal gaji terlambat dani pengawas dapur jatim berstatus magang bekerja lebih 20 jam hari tanpa kontrak tertulis gaji dijanjikan tak kunjung cair hingga harus narik ojol demi bertahan hidup
1990642472662560808,ga punya orang dalem pasti nangis dipojokan
1990641140501237895,produsen tatakan tungku kompor mbg sppg wajib tahu
1990640995667751060,bhabinkamtibmas polsek batangtoru melakukan monitoring penyaluran makanan bergizi gratis sds faza azkia hutaraja memastikan program berjalan tepat sasaran diterima baik oleh siswa kecamatan muara batangtoru
1990640500257550538,presiden prabowo sebut keracunan mbg seperti sakit perut biasa tapi minta pengelola tak main main
1990634401009635714,penerima manfaat mbg tembus 44 juta prabowo sebut prestasi dunia
1990634380830834853,kan
1990633050343158039,melalui program makan bergizi gratis setiap anak indonesia dijamin mendapatkan asupan sehat seimbang setiap harinya bukan sekadar soal makan tentang menciptakan generasi tumbuh kuat cerdas siap menghadapi masa depan
1990625845896245583,bgn buka call center 127 beroperasi 24 jam layani aduan masyarakat soal mbg baca selengkapnya rkd
1990622201087995933,prabowo menegaskan mbg harus berjalan tanpa penyimpangan memakai uang rakyat menargetkan 82 9 juta penerima meski distribusi cepat ia minta pengawasan diperketat manfaatnya benar benar sampai anak ibu hamil seluruh indonesia
1990622179294392491,pernyataan tegas menunjukkan komitmen kuat pemerintah terus memperbaiki layanan mbg memastikan keamanan pangan menghadirkan manfaat nyata masyarakat
1990621098241896693,makan bergizi gratis tingkatkan kualitas gizi anak gerakkan ekonomi rakyat bangun sinergi kesejahteraan bangsa indonesia lebih baik
1990620701628510491,wakil ketua dpr ri cucun ahmad syamsurijal menyampaikan permohonan maaf usai menyatakan mbg tak memerlukan ahli gizi
1990620546892222684,makanan bergizi tersaji setiap hari sedang membantu generasi muda tumbuh lebih sehat percaya diri
1990618298535588026,kerja nyata pemerintah dgn program mbg bertujuan atasi stunting meningkatkan kualitas gizi anak indonesia mbg anak sekolah balita ibu hamil menyusui apel pagi ahli gizi
1990613474863689927,program mbg tidak membutuhkan ahli gizi bahkan cucun menyatakan bahwa lulusan sma dapat menggantikan posisi mengikuti pelatihan sertifikasi selama tiga bulan link senin selasa
1990611669719134332,menu mbg today wkwk
1990610718555844999,gerindra semprot cucun usai sebut anak muda arogan amp tak perlu ahli gizi mbg bahaya ngomongnya
1990609732181373113,parah petani yg tidak tahu apa apa kena imbasnya
1990609141300355568,program mbg membantu memenuhi kebutuhan gizi harian siswa kalteng
1990609122157531411,program makan bergizi gratis siswa lebih fokus
1990608974526533780,program mbg papua tingkatkan gizi anak amp sejahterakan masyarakat
1990607541123101093,bangga bersama
1990606675108352379,fokus kesehatan masa depan bangsa bapak prabowo subianto berkomitmen penuh terhadap program mbg makan bergizi gratis
1990604452592816152,viral cucun ahmad sebut mbg tak perlu ahli gizi kronologi hingga permintaan maaf wakil ketua dpr
1990601180033266054,program mbg bukan sekadar makan gratis tetapi investasi gizi masa depan bangsa dapur inklusif hingga zonasi solo konsisten mbg hadir membentuk generasi sehat cerdas berdaya saing
1990600749953515895,menjadi wakil rakyat otaknya harus bergizi
1990600457430184167,investasi masa depan dimulai generasi sehat program makan bergizi gratis anak anak indonesia adalah langkah nyata memastikan tumbuh baik siap menghadapi tantangan
1990600362915737623,menu mbg sd adikku pagi 18 nov 2025 8 30
1990594206063300985,dua sd negeri tambora jakarta barat ratusan siswa kini bisa menikmati makan gratis setiap hari bukan program pemerintah melainkan inisiatif bertajuk makan bahagia gratis mbg ag
1990590860149600507,kepala badan gizi nasional bgn dadan hindayana menyebut satu yayasan mitra makan bergizi gratis mbg maksimal mengelola 10 dapur satuan pelayanan pemenuhan gizi sppg provinsi sama baca
1990590582063051029,wabup deli serdang resmikan dapur sppg ujung rambe dorong gizi anak ekonomi lokal
1990590520780075123,wakil ketua dpr cucun sebut anak muda arogan hingga klaim tak perlu ahli gizi program mbg
1990588912621027362,makan bergizi gratis bukan hanya memenuhi gizi anak tetapi menggerakkan ekonomi rakyat melalui penyerapan produk lokal membangun ekosistem inklusif menghadirkan manfaat berkelanjutan kesejahteraan masyarakat
1990586249057612211,wakil ketua dpr cucun ahmad syamsurijal akhirnya menyampaikan permintaan maaf setelah pernyataannya soal tidak perlu ahli gizi program makan bergizi gratis mbg viral menuai kritik luas ag
